INSERT INTO CLIENTE VALUES ('MATTIA','ESPOSITO', '333158543','Capodichino',10,'Mattia63@gmail.com ','10122');
INSERT INTO CLIENTE VALUES ('STEFANO','TRAPANI', '339758403','secondigliano',11,'stefano_trapani@outlook.it ','10149');
INSERT INTO CLIENTE VALUES ('LUCA','RUBINO', '328741025','Caserta',12,'lucarubino99@gmail.com ','10138');
INSERT INTO CLIENTE VALUES ('ANTONIO','DEL GIUDICE', '339854100','garibaldi',31,'antonio1954@gmail.com ','10124');
INSERT INTO CLIENTE VALUES ('VITTORIO','PISCITELLI', '333368518','nuovo corso',36,'vit_pisc_li99@outlook.com ','20122');
INSERT INTO CLIENTE VALUES ('SALVATORE','MANCINI', '320235471','del trionfo',44,'sasi_manc69@gmail.com ','20130');
INSERT INTO CLIENTE VALUES ('ANDREA','TESTA', '335482669','della giustizia',56,'mr_head1976@gmail.com ','20155');
INSERT INTO CLIENTE VALUES ('GIULIO','COLUCCI', '337458008','padova',69,'Colucci89@libero.it ','20133');
INSERT INTO CLIENTE VALUES ('GIUSY','BARRUCCI', '339575315','condotti',9,'barruccGIUSY@libero.it ','00101');
INSERT INTO CLIENTE VALUES ('STEFANIA','LA COMMARA', '334206595','del babbuino',244,'STEFANIAla_COMM@gmail.com ','00199');
INSERT INTO CLIENTE VALUES ('CARMELA','ESPOSITO', '344854466','nuovo corso',178,'Carmela@gmail.com ','00150');
INSERT INTO CLIENTE VALUES ('PAOLA','RUGGIERO', '315760108','del letto',7,'RUGG_PAOLA@outlook.it ','00198');
INSERT INTO CLIENTE VALUES ('LUDOVICA','VERDE', '339514233','nuova marano',8,'ludo_1996@gmail.com ','80120');
INSERT INTO CLIENTE VALUES ('ROBERTA','BIONDI', '340187599','petrarca',1,'roberta_biondi-1978@gmail.com ','80102');
INSERT INTO CLIENTE VALUES ('GIUSEPPE','ROSSI', '338431865','dante',871,'peppe_red1957@outlook.com ','80144');
INSERT INTO CLIENTE VALUES ('PASQUALE','DI LORENZO', '333124567','cimitero',718,'il_paquito1988@libero.it ','80140');
INSERT INTO CLIENTE VALUES ('MARIO','OLIVA', '385701694','capodichino',243,'mario.oliva243@gmail.com','20125');
INSERT INTO CLIENTE VALUES ('RENATO','ESPOSITO', '339140509','fosso del lupo',9,'renato.esposito1999@outlook.com','20155');

INSERT INTO RISTORANTE VALUES ('IT123456789','LaBaia','Napoleone','10121','Torino',5,'1');
INSERT INTO RISTORANTE VALUES ('IT987654321','LaBaia','Badante','20150','Milano',18,'2');
INSERT INTO RISTORANTE VALUES ('IT237858945','LaBaia','Europa','00013','Roma',10,'3');
INSERT INTO RISTORANTE VALUES ('IT789415263','LaBaia','Calata Capodichino','80170','Napoli',23,'1');
INSERT INTO PRENOTAZIONE VALUES (1,5,'333158543',TO_DATE ('04-GIU-2020
11:30 ','DD-MON -YYYY HH24 :MI') , 'IT123456789' ,TO_DATE ('07-GIU-2020
15:30 ','DD-MON-YYYY   HH24 :MI'));
INSERT INTO PRENOTAZIONE VALUES (2,10,'339758403',TO_DATE ('28-MAG-2020
14:33 ','DD -MON - YYYY HH24 :MI ') , 'IT123456789' ,TO_DATE ('28-MAG-2020
19:00 ','DD -MON - YYYY HH24 :MI '));
INSERT INTO PRENOTAZIONE VALUES (3,15,'328741025',TO_DATE ('30-MAG-2020
18:50 ','DD -MON - YYYY HH24 :MI ') , 'IT123456789' ,TO_DATE ('31-MAG-2020
20:45 ','DD -MON - YYYY HH24 :MI '));
INSERT INTO PRENOTAZIONE VALUES (4,8,'339854100',TO_DATE ('31-MAG -2020
17:45 ','DD -MON - YYYY HH24 :MI ') , 'IT123456789' ,TO_DATE ('31-MAG-2020
21:30 ','DD -MON - YYYY HH24 :MI '));
INSERT INTO PRENOTAZIONE VALUES (5,2,'333368518',TO_DATE ('03-GIU-2020
13:36 ','DD -MON - YYYY HH24 :MI ') , 'IT987654321' ,TO_DATE ('03-GIU-2020
22:30 ','DD -MON - YYYY HH24 :MI '));
INSERT INTO PRENOTAZIONE VALUES (6,4,'320235471',TO_DATE ('01-GIU -2020
10:44 ','DD -MON - YYYY HH24 :MI ') , 'IT987654321' ,TO_DATE ('01-GIU-2020
12:30 ','DD -MON - YYYY HH24 :MI '));
INSERT INTO PRENOTAZIONE VALUES (7,2,'335482669',TO_DATE ('27-MAG -2020
17:30 ','DD -MON - YYYY HH24 :MI ') , 'IT987654321' ,TO_DATE ('29-MAG-2020
21:00 ','DD -MON - YYYY HH24 :MI '));
INSERT INTO PRENOTAZIONE VALUES (8,8,'337458008',TO_DATE ('25-MAG -2020
18:22 ','DD -MON - YYYY HH24 :MI ') , 'IT987654321' ,TO_DATE ('1-GIU-2020
19:30 ','DD -MON - YYYY HH24 :MI '));
INSERT INTO PRENOTAZIONE VALUES (9,15,'339575315',TO_DATE ('1-GIU-2020
11:21 ','DD -MON - YYYY HH24 :MI ') , 'IT237858945' ,TO_DATE ('2-GIU-2020
14:30 ','DD -MON - YYYY HH24 :MI '));
INSERT INTO PRENOTAZIONE VALUES (10,15,'334206595',TO_DATE ('1-GIU-2020
20:00 ','DD -MON - YYYY HH24 :MI ') , 'IT237858945' ,TO_DATE ('1-GIU-2020
23:00 ','DD -MON - YYYY HH24 :MI '));
INSERT INTO PRENOTAZIONE VALUES (11,3,'344854466',TO_DATE ('2-GIU-2020
10:56 ','DD -MON - YYYY HH24 :MI ') , 'IT237858945' ,TO_DATE ('2-GIU-2020
13:30 ','DD -MON - YYYY HH24 :MI '));
INSERT INTO PRENOTAZIONE VALUES (12,4,'315760108',TO_DATE ('1-GIU-2020
11:23 ','DD -MON - YYYY HH24 :MI ') , 'IT237858945' ,TO_DATE ('4-GIU-2020
14:30 ','DD -MON - YYYY HH24 :MI '));
INSERT INTO PRENOTAZIONE VALUES (13,8,'339514233',TO_DATE ('4-GIU-2020
15:17 ','DD -MON - YYYY HH24 :MI ') , 'IT789415263' ,TO_DATE ('4-GIU-2020
23:00 ','DD -MON - YYYY HH24 :MI '));
INSERT INTO PRENOTAZIONE VALUES (14,2,'340187599',TO_DATE ('31-MAG -2020
16:16 ','DD -MON - YYYY HH24 :MI ') , 'IT789415263' ,TO_DATE ('2-GIU-2020
19:45 ','DD -MON - YYYY HH24 :MI '));
INSERT INTO PRENOTAZIONE VALUES (15,5,'338431865',TO_DATE ('28-MAG -2020
15:15 ','DD -MON - YYYY HH24 :MI ') , 'IT789415263' ,TO_DATE ('30-MAG-2020
20:15 ','DD -MON - YYYY HH24 :MI '));
INSERT INTO PRENOTAZIONE VALUES (16,1,'333124567',TO_DATE ('31-MAG-2020
16:40 ','DD-MON-YYYY HH24 :MI ') , 'IT789415263' ,TO_DATE ('31-MAG-2020
21:45 ','DD-MON-YYYY HH24 :MI '));
INSERT INTO PRENOTAZIONE VALUES (17,1,'385701694',TO_DATE ('03-GIU-2020
16:29 ','DD-MON-YYYY HH24 :MI ') , 'IT987654321' ,TO_DATE ('03-GIU-2020
19:30 ','DD-MON-YYYY HH24 :MI '));
INSERT INTO PRENOTAZIONE VALUES (18,1,'339140509',TO_DATE ('31-MAG -2020
10:30 ','DD-MON-YYYY HH24 :MI ') , 'IT987654321' ,TO_DATE ('31-MAG -2020
13:30 ','DD-MON-YYYY HH24 :MI '));
INSERT INTO PRENOTAZIONE VALUES (19,1,'340187599',TO_DATE ('27-MAG -2020
10:30 ','DD-MON-YYYY HH24 :MI ') , 'IT789415263' ,TO_DATE ('27-MAG -2020
13:30 ','DD-MON-YYYY HH24 :MI '));



INSERT INTO PRENOTAZIONE VALUES (20,1,'328741025',TO_DATE ('06-GIU -2020
10:30 ','DD-MON-YYYY HH24 :MI ') , 'IT123456789' ,TO_DATE ('06-GIU -2020 
20:30 ','DD-MON-YYYY HH24 :MI '));
INSERT INTO PRENOTAZIONE VALUES (21,1,'334206595',TO_DATE ('07-GIU -2020
12:30 ','DD-MON-YYYY HH24 :MI ') , 'IT237858945' ,TO_DATE ('07-GIU -2020 
21:15 ','DD-MON-YYYY HH24 :MI '));
INSERT INTO PRENOTAZIONE VALUES (22,1,'339758403',TO_DATE ('02-GIU-2020
12:15 ','DD -MON - YYYY HH24 :MI ') , 'IT123456789' ,TO_DATE ('02-GIU -2020
14:30 ','DD -MON - YYYY HH24 :MI '));

INSERT INTO PRENOTAZIONE VALUES (23,1,'339140509',TO_DATE ('28-MAG -2020
15:30 ','DD -MON - YYYY HH24 :MI ') , 'IT987654321' ,TO_DATE ('28-MAG -2020
20:30 ','DD -MON - YYYY HH24 :MI '));

INSERT INTO PRENOTAZIONE VALUES (24,1,'339575315',TO_DATE ('11-GIU -2020
11:30 ','DD -MON - YYYY HH24 :MI ') , 'IT237858945' ,TO_DATE ('11-GIU -2020
13:25 ','DD -MON - YYYY HH24 :MI '));

INSERT INTO PRENOTAZIONE VALUES (25,1,'338431865',TO_DATE ('27-MAG -2020
11:45 ','DD -MON - YYYY HH24 :MI ') , 'IT789415263' ,TO_DATE ('27-MAG -2020
12:30 ','DD -MON - YYYY HH24 :MI '));
INSERT INTO PRENOTAZIONE VALUES (26,1,'339854100',TO_DATE ('22-MAG -2020
11:40 ','DD -MON - YYYY HH24 :MI ') , 'IT123456789' ,TO_DATE ('22-MAG -2020
19:45 ','DD -MON - YYYY HH24 :MI '));
INSERT INTO PRENOTAZIONE VALUES (27,1,'333158543',TO_DATE ('25-MAG -2020
17:30 ','DD -MON - YYYY HH24 :MI ') , 'IT237858945' ,TO_DATE ('25-MAG -2020
20:30 ','DD -MON - YYYY HH24 :MI '));
INSERT INTO PRENOTAZIONE VALUES (28,1,'385701694',TO_DATE ('04-GIU-2020
12:30 ','DD-MON-YYYY HH24 :MI ') , 'IT987654321' ,TO_DATE ('04-GIU-2020
14:45 ','DD-MON-YYYY HH24 :MI '));
INSERT INTO PRENOTAZIONE VALUES (29,1,'340187599',TO_DATE ('03-GIU-2020
15:00 ','DD-MON-YYYY HH24 :MI ') , 'IT789415263' ,TO_DATE ('03-GIU-2020
22:15 ','DD-MON-YYYY HH24 :MI '));
INSERT INTO PRENOTAZIONE VALUES (30,1,'328741025',TO_DATE ('02-GIU-2020
11:30 ','DD-MON-YYYY HH24 :MI ') , 'IT123456789' ,TO_DATE ('02-GIU-2020
15:30 ','DD-MON-YYYY HH24 :MI '));
INSERT INTO PRENOTAZIONE VALUES (31,1,'340187599',TO_DATE ('31-MAG -2020
14:30 ','DD-MON-YYYY HH24 :MI ') , 'IT789415263' ,TO_DATE ('31-MAG -2020
20:30 ','DD-MON-YYYY HH24 :MI '));
INSERT INTO PRENOTAZIONE VALUES (32,1,'339575315',TO_DATE ('28-MAG -2020
12:15 ','DD-MON-YYYY HH24 :MI ') , 'IT237858945' ,TO_DATE ('28-MAG -2020
13:30 ','DD-MON-YYYY HH24 :MI '));

INSERT INTO PRENOTAZIONE VALUES (33,1,'335482669',TO_DATE ('10-GIU -2020
13:30 ','DD -MON - YYYY HH24 :MI ') , 'IT987654321' ,TO_DATE ('10-GIU -2020
14:45 ','DD -MON - YYYY HH24 :MI '));


INSERT INTO PRENOTAZIONE VALUES (34,1,'333124567',TO_DATE ('09-GIU -2020
12:30 ','DD -MON - YYYY HH24 :MI ') , 'IT789415263' ,TO_DATE ('09-GIU-2020
21:00 ','DD -MON - YYYY HH24 :MI '));



INSERT INTO STAFF VALUES (1,'GIULIANO','SAGESE','033125590',1250,'INSERVIENTE');
INSERT INTO STAFF VALUES (2,'FABRIZIA','PISANI','038457386',1350,'INSERVIENTE');
INSERT INTO STAFF VALUES (3,'FABIO','CAPELLO','038254982',1100,'INSERVIENTE');
INSERT INTO STAFF VALUES (4,'GENNARO','GATTUSO','036485291',1310,'INSERVIENTE');
INSERT INTO STAFF VALUES (5,'FEDERICA','DI BENEDETTO','320541698',1180,'INSERVIENTE');
INSERT INTO STAFF VALUES (6,'EMANUELA','CIRILLO','320174123',1410,'INSERVIENTE');
INSERT INTO STAFF VALUES (7,'STEFANIA','TEDESCHI','333123458',1275,'INSERVIENTE');
INSERT INTO STAFF VALUES (8,'MIRCO','ROMANO','330147893',1150,'INSERVIENTE');

INSERT INTO STAFF VALUES (9,'CRISTIAN','PISCITELLI','330456852',1250,'FATTORINO');
INSERT INTO STAFF VALUES (10,'TERESA','SAVARESE',330753159,'1232','FATTORINO');
INSERT INTO STAFF VALUES (11,'VALERIA','NANI','327005873',1230,'FATTORINO');
INSERT INTO STAFF VALUES (12,'FRANCESCA','FRANZESE','309221818',1180,'FATTORINO');
INSERT INTO STAFF VALUES (13,'ALESSIO','COPPOLA','325461722',1165,'FATTORINO');
INSERT INTO STAFF VALUES (14,'GIOVANNI','MICELI','333121452',1200,'FATTORINO');
INSERT INTO STAFF VALUES (15,'GUIDO','MURA','389211467',1190,'FATTORINO');
INSERT INTO STAFF VALUES (16,'GIADA','CRISTIANO','331741291',1180,'FATTORINO');

INSERT INTO STAFF VALUES (17,'FRANCO','SORBILLO','319899219',1242,'FATTORINO');
INSERT INTO STAFF VALUES (18,'CIRO','PICCOLO','333325471',1240,'FATTORINO');
INSERT INTO STAFF VALUES (19,'PAOLA','FRANCHI','322123422',1050,'FATTORINO');
INSERT INTO STAFF VALUES (20,'STEFANIA','SARDU','325564560',1121,'FATTORINO');
INSERT INTO STAFF VALUES (21,'ALESSANDRA','DALLA','309127092',1136,'FATTORINO');
INSERT INTO STAFF VALUES (22,'MICHELE','DANIELE','333441456',1200,'FATTORINO');
INSERT INTO STAFF VALUES (23,'GIOVANNI','STIRPIO','331245432',1222,'FATTORINO');
INSERT INTO STAFF VALUES (24,'GIOVANNA','TRAPANI','355655789',1233,'FATTORINO');

INSERT INTO STAFF VALUES (25,'ROSA','PAGANI','333225641',1212,'LAVAPIATTI');
INSERT INTO STAFF VALUES (26,'DARIO','CASTELLANO','322241156',1110,'LAVAPIATTI');
INSERT INTO STAFF VALUES (27,'GENNARO','SECCE','333237100',1171,'LAVAPIATTI');
INSERT INTO STAFF VALUES (28,'MATTIA','DI MAURO','353556557',1050,'LAVAPIATTI');
INSERT INTO STAFF VALUES (29,'PASQUALINO','ACAMPORA','333342442',1000,'LAVAPIATTI');
INSERT INTO STAFF VALUES (30,'LUIGI','SEGREO','345336271',1015,'LAVAPIATTI');
INSERT INTO STAFF VALUES (31,'CHIARA','ROSSI','333112452',1101,'LAVAPIATTI');
INSERT INTO STAFF VALUES (32,'ROSSELLA','COGLIO','433526671',1136,'LAVAPIATTI');
INSERT INTO STAFF VALUES (33,'RAFFAELE','FUMO','351142311',1222,'CASSIERE');
INSERT INTO STAFF VALUES (34,'DAVIDE','GINOLA','335277689',1201,'CASSIERE');
INSERT INTO STAFF VALUES (35,'ADRIANO','CALABRESE','344562212',1000,'CASSIERE');
INSERT INTO STAFF VALUES (36,'CHIARA','STANIO','399098800',1121,'CASSIERE');
INSERT INTO STAFF VALUES (37,'PIETRO','MORATI','334119765',1010,'CASSIERE');
INSERT INTO STAFF VALUES (38,'CARMELA','STAIANO','459909890',1014,'CASSIERE');
INSERT INTO STAFF VALUES (39,'PAOLA','BRUCHI','566655781',1032,'CASSIERE');
INSERT INTO STAFF VALUES (40,'VANESSA','DI NAPOLI','661188987',1213,'CASSIERE');
INSERT INTO STAFF VALUES (41,'RAFFAELA','STAMO','223909800',2214,'CAMERIERE');
INSERT INTO STAFF VALUES (42,'STEFANO','MARINO','442156234',2100,'CAMERIERE');
INSERT INTO STAFF VALUES (43,'PIETRO','ROMANO','556223451',2050,'CAMERIERE');
INSERT INTO STAFF VALUES (44,'SIMONA','CONTI','665378910',2250,'CAMERIERE');
INSERT INTO STAFF VALUES (45,'ALESSANDRA','RIZZO','336627189',2150,'CAMERIERE');
INSERT INTO STAFF VALUES (46,'SALVATORE','ESPOSITO','446321900',2000,'CAMERIERE');
INSERT INTO STAFF VALUES (47,'VALERIO','MORETTI','333356555',2110,'CAMERIERE');
INSERT INTO STAFF VALUES (48,'GIUSEPPE','PENSA','478233165',2209,'CAMERIERE');
INSERT INTO STAFF VALUES (49,'LINO','BARBIERI','445521678',2190,'CAMERIERE');
INSERT INTO STAFF VALUES (50,'FABRIZIO','FONTANA','612133452',2140,'CAMERIERE');
INSERT INTO STAFF VALUES (51,'CHIARA','RINALDI','333311221',2005,'CAMERIERE');
INSERT INTO STAFF VALUES (52,'FIONA','GRECO','334451217',2015,'CAMERIERE');
INSERT INTO STAFF VALUES (53,'LUCA','GALLO','717890121',2230,'CAMERIERE');
INSERT INTO STAFF VALUES (54,'UMBERTO','MARIANI','561172314',2235,'CAMERIERE');
INSERT INTO STAFF VALUES (55,'SAVIO','CARUSO','432334781',2300,'CAMERIERE');
INSERT INTO STAFF VALUES (56,'CATERINA','FERRARI','356177556',2290,'CAMERIERE');
INSERT INTO STAFF VALUES (57,'DIEGO','FERRARA','309155323',3130,'CHEF');
INSERT INTO STAFF VALUES (58,'SARA','COSTA','330098012',3250,'CHEF');
INSERT INTO STAFF VALUES (59,'DOMENICO','VITALE','288283321',3110,'CHEF');
INSERT INTO STAFF VALUES (60,'ACHILLE','DE SANTIS','223167509',3000,'CHEF');
INSERT INTO STAFF VALUES (61,'MARCO','LOMBARDO','717231158',3220,'CHEF');
INSERT INTO STAFF VALUES (62,'MELISSA','MONTI','330010293',3000,'CHEF');
INSERT INTO STAFF VALUES (63,'VALENTINA','RIZZI','459009211',3220,'CHEF');
INSERT INTO STAFF VALUES (64,'VALERIO','FARINA','331332109',3030,'CHEF');





INSERT INTO LAVORA VALUES (TO_DATE ('11:30 ','HH24 :MI ') , TO_DATE ('17:30 ','HH24 :MI ') , 'IT123456789', 1  );
INSERT INTO LAVORA VALUES (TO_DATE ('18:00 ','HH24 :MI ') , TO_DATE ('23:30 ','HH24 :MI ') , 'IT123456789', 2  );
INSERT INTO LAVORA VALUES (TO_DATE ('11:30 ','HH24 :MI ') , TO_DATE ('17:30 ','HH24 :MI ') , 'IT987654321', 3 );
INSERT INTO LAVORA VALUES (TO_DATE ('18:00 ','HH24 :MI ') , TO_DATE ('23:30','HH24 :MI ') , 'IT987654321', 4  );
INSERT INTO LAVORA VALUES (TO_DATE ('11:30 ','HH24 :MI ') , TO_DATE ('17:30 ','HH24 :MI ') , 'IT237858945', 5  );
INSERT INTO LAVORA VALUES (TO_DATE ('18:00 ','HH24 :MI ') , TO_DATE ('23:30 ','HH24 :MI ') , 'IT237858945', 6  );
INSERT INTO LAVORA VALUES (TO_DATE ('11:30 ','HH24 :MI ') , TO_DATE ('17:30','HH24 :MI ') , 'IT789415263', 7  );
INSERT INTO LAVORA VALUES (TO_DATE ('18:00 ','HH24 :MI ') , TO_DATE ('23:30 ','HH24 :MI ') , 'IT789415263', 8  );
INSERT INTO LAVORA VALUES (TO_DATE ('11:30 ','HH24 :MI ') , TO_DATE ('17:30 ','HH24 :MI ') , 'IT123456789', 9  );
INSERT INTO LAVORA VALUES (TO_DATE ('11:30','HH24 :MI ') , TO_DATE ('17:30 ','HH24 :MI ') , 'IT123456789', 10  );
INSERT INTO LAVORA VALUES (TO_DATE ('18:00 ','HH24 :MI ') , TO_DATE ('23:30 ','HH24 :MI ') , 'IT123456789', 11  );
INSERT INTO LAVORA VALUES (TO_DATE ('18:00 ','HH24 :MI ') , TO_DATE ('23:30 ','HH24 :MI ') , 'IT123456789', 12  );
INSERT INTO LAVORA VALUES (TO_DATE ('11:30 ','HH24 :MI ') , TO_DATE ('17:30 ','HH24 :MI ') , 'IT987654321', 13  );
INSERT INTO LAVORA VALUES (TO_DATE ('11:30 ','HH24 :MI ') , TO_DATE ('17:30 ','HH24 :MI ') , 'IT987654321', 14  );
INSERT INTO LAVORA VALUES (TO_DATE ('18:00 ','HH24 :MI ') , TO_DATE ('23:30','HH24 :MI ') , 'IT987654321', 15  );
INSERT INTO LAVORA VALUES (TO_DATE ('18:00 ','HH24 :MI ') , TO_DATE (' 23:30','HH24 :MI ') , 'IT987654321', 16  );
INSERT INTO LAVORA VALUES (TO_DATE ('11:30 ','HH24 :MI ') , TO_DATE ('17:30','HH24 :MI ') , 'IT237858945', 17 );
INSERT INTO LAVORA VALUES (TO_DATE ('11:30 ','HH24 :MI ') , TO_DATE ('17:30 ','HH24 :MI ') , 'IT237858945', 18  );
INSERT INTO LAVORA VALUES (TO_DATE ('18:00 ','HH24 :MI ') , TO_DATE ('23:30 ','HH24 :MI ') , 'IT237858945', 19  );
INSERT INTO LAVORA VALUES (TO_DATE ('18:00 ','HH24 :MI ') , TO_DATE ('23:30 ','HH24 :MI ') , 'IT237858945', 20  );
INSERT INTO LAVORA VALUES (TO_DATE ('11:30 ','HH24 :MI ') , TO_DATE ('17:30 ','HH24 :MI ') , 'IT789415263', 21  );
INSERT INTO LAVORA VALUES (TO_DATE ('11:30 ','HH24 :MI ') , TO_DATE ('17:30 ','HH24 :MI ') , 'IT789415263', 22  );
INSERT INTO LAVORA VALUES(TO_DATE('18:00','HH24 :MI'),TO_DATE('23:30','HH24 :MI'),'IT789415263',23);       
INSERT INTO LAVORA VALUES(TO_DATE('18:00','HH24 :MI'),TO_DATE('23:30','HH24 :MI'),'IT789415263',24);
INSERT INTO LAVORA VALUES(TO_DATE('11:30','HH24 :MI'),TO_DATE('17:30','HH24 :MI'),'IT123456789',25);
INSERT INTO LAVORA VALUES(TO_DATE('18:00','HH24 :MI'),TO_DATE('23:30','HH24 :MI'),'IT123456789',26);
INSERT INTO LAVORA VALUES(TO_DATE('11:30','HH24 :MI'),TO_DATE('17:30','HH24 :MI'),'IT987654321',27);
INSERT INTO LAVORA VALUES(TO_DATE('18:00','HH24 :MI'),TO_DATE('23:30','HH24 :MI'),'IT987654321',28);
INSERT INTO LAVORA VALUES(TO_DATE('11:30','HH24 :MI'),TO_DATE('17:30','HH24 :MI'),'IT237858945',29);
INSERT INTO LAVORA VALUES(TO_DATE('18:00','HH24 :MI'),TO_DATE('23:30','HH24 :MI'),'IT237858945',30);
INSERT INTO LAVORA VALUES(TO_DATE('11:30','HH24 :MI'),TO_DATE('17:30','HH24 :MI'),'IT789415263',31);
INSERT INTO LAVORA VALUES(TO_DATE('18:00','HH24 :MI'),TO_DATE('23:30','HH24 :MI'),'IT789415263',32);
INSERT INTO LAVORA VALUES(TO_DATE('11:30','HH24 :MI'),TO_DATE('17:30','HH24 :MI'),'IT123456789',33);
INSERT INTO LAVORA VALUES(TO_DATE('18:00','HH24 :MI'),TO_DATE('23:30','HH24 :MI'),'IT123456789',34);
INSERT INTO LAVORA VALUES(TO_DATE('11:30','HH24 :MI'),TO_DATE('17:30','HH24 :MI'),'IT987654321',35);
INSERT INTO LAVORA VALUES(TO_DATE('18:00','HH24 :MI'),TO_DATE('23:30','HH24 :MI'),'IT987654321',36);
INSERT INTO LAVORA VALUES(TO_DATE('11:30','HH24 :MI'),TO_DATE('17:30','HH24 :MI'),'IT237858945',37);
INSERT INTO LAVORA VALUES(TO_DATE('18:00','HH24 :MI'),TO_DATE('23:30','HH24 :MI'),'IT237858945',38);
INSERT INTO LAVORA VALUES(TO_DATE('11:30','HH24 :MI'),TO_DATE('17:30','HH24 :MI'),'IT789415263',39);
INSERT INTO LAVORA VALUES(TO_DATE('18:00','HH24 :MI'),TO_DATE('23:30','HH24 :MI'),'IT789415263',40);
INSERT INTO LAVORA VALUES(TO_DATE('11:30','HH24 :MI'),TO_DATE('17:30','HH24 :MI'),'IT123456789',41);
INSERT INTO LAVORA VALUES(TO_DATE('18:00','HH24 :MI'),TO_DATE('23:30','HH24 :MI'),'IT123456789',42);
INSERT INTO LAVORA VALUES(TO_DATE('11:30','HH24 :MI'),TO_DATE('17:30','HH24 :MI'),'IT123456789',43);
INSERT INTO LAVORA VALUES(TO_DATE('18:00','HH24 :MI'),TO_DATE('23:30','HH24 :MI'),'IT123456789',44);
INSERT INTO LAVORA VALUES(TO_DATE('11:30','HH24 :MI'), TO_DATE('17:30','HH24 :MI'), 'IT987654321', 45);
INSERT INTO LAVORA VALUES(TO_DATE('11:30','HH24 :MI'), TO_DATE('17:30','HH24 :MI'), 'IT987654321', 46);
INSERT INTO LAVORA VALUES(TO_DATE('18:00','HH24 :MI'), TO_DATE('23:30','HH24 :MI'), 'IT987654321', 47);
INSERT INTO LAVORA VALUES(TO_DATE('18:00','HH24 :MI'), TO_DATE('23:30','HH24 :MI'), 'IT987654321', 48);
INSERT INTO LAVORA VALUES(TO_DATE('11:30','HH24 :MI'), TO_DATE('17:30','HH24 :MI'), 'IT237858945', 49);
INSERT INTO LAVORA VALUES(TO_DATE('11:30','HH24 :MI'), TO_DATE('17:30','HH24 :MI'), 'IT237858945', 50);
INSERT INTO LAVORA VALUES(TO_DATE('18:00','HH24 :MI'), TO_DATE('23:30','HH24 :MI'), 'IT237858945', 51);
INSERT INTO LAVORA VALUES(TO_DATE('18:00','HH24 :MI'), TO_DATE('23:30','HH24 :MI'), 'IT237858945', 52);
INSERT INTO LAVORA VALUES(TO_DATE('11:30','HH24 :MI'), TO_DATE('17:30','HH24 :MI'), 'IT789415263', 53);
INSERT INTO LAVORA VALUES(TO_DATE('11:30','HH24 :MI'), TO_DATE('17:30','HH24 :MI'), 'IT789415263', 54);
INSERT INTO LAVORA VALUES(TO_DATE('18:00','HH24 :MI'), TO_DATE('23:30','HH24 :MI'), 'IT789415263', 55);
INSERT INTO LAVORA VALUES(TO_DATE('18:00','HH24 :MI'), TO_DATE('23:30','HH24 :MI'), 'IT789415263', 56);
INSERT INTO LAVORA VALUES(TO_DATE('11:30','HH24 :MI'), TO_DATE('17:30','HH24 :MI'), 'IT123456789', 57);
INSERT INTO LAVORA VALUES(TO_DATE('18:00','HH24 :MI'), TO_DATE('23:30','HH24 :MI'), 'IT123456789', 58);
INSERT INTO LAVORA VALUES(TO_DATE('11:30','HH24 :MI'), TO_DATE('17:30','HH24 :MI'), 'IT987654321', 59);
INSERT INTO LAVORA VALUES(TO_DATE('18:00','HH24 :MI'), TO_DATE('23:30','HH24 :MI'), 'IT987654321', 60);
INSERT INTO LAVORA VALUES(TO_DATE('11:30','HH24 :MI'), TO_DATE('17:30','HH24 :MI'), 'IT237858945', 61);
INSERT INTO LAVORA VALUES(TO_DATE('18:00','HH24 :MI'), TO_DATE('23:30','HH24 :MI'), 'IT237858945', 62);
INSERT INTO LAVORA VALUES(TO_DATE('11:30','HH24 :MI'), TO_DATE('17:30','HH24 :MI'), 'IT789415263', 63);
INSERT INTO LAVORA VALUES(TO_DATE('18:00','HH24 :MI'), TO_DATE('23:30','HH24 :MI'), 'IT789415263', 64);















INSERT INTO JOURNEY VALUES(13, 'MACCHINA', 1, TO_DATE ('31-MAG-2020
21:30 ','DD -MON - YYYY HH24 :MI ') , TO_DATE ('31-MAG-2020
22:00 ','DD -MON - YYYY HH24 :MI ') , 1, 24);


INSERT INTO JOURNEY VALUES(14, 'MACCHINA', 1, TO_DATE ('03-GIU-2020
19:20 ','DD -MON - YYYY HH24 :MI ') , TO_DATE ('03-GIU-2020
19:45 ','DD -MON - YYYY HH24 :MI ') , 2, 15);


INSERT INTO JOURNEY VALUES(12, 'MACCHINA', 1, TO_DATE ('31-MAG-2020
13:20 ','DD -MON - YYYY HH24 :MI ') , TO_DATE ('31-MAG-2020
13:45 ','DD -MON - YYYY HH24 :MI ') , 3, 22);


INSERT INTO JOURNEY VALUES(10, 'MACCHINA', 1, TO_DATE ('27-MAG-2020
13:20 ','DD -MON - YYYY HH24 :MI ') , TO_DATE ('27-MAG-2020
13:45 ','DD -MON - YYYY HH24 :MI ') , 4, 14);


INSERT INTO JOURNEY VALUES(7, 'MACCHINA', 1, TO_DATE ('06-GIU-2020
20:15 ','DD -MON - YYYY HH24 :MI ') , TO_DATE ('06-GIU-2020
20:45 ','DD -MON - YYYY HH24 :MI ') , 5, 11);


INSERT INTO JOURNEY VALUES(7, 'MACCHINA', 1, TO_DATE ('07-GIU-2020
21:00 ','DD -MON - YYYY HH24 :MI ') , TO_DATE ('07-GIU-2020
21:30 ','DD -MON - YYYY HH24 :MI ') , 6, 19);


INSERT INTO JOURNEY VALUES(8, 'MACCHINA', 1, TO_DATE ('02-GIU-2020
14:10 ','DD -MON - YYYY HH24 :MI ') , TO_DATE ('02-GIU-2020
14:45 ','DD -MON - YYYY HH24 :MI ') , 7, 9);


INSERT INTO JOURNEY VALUES(12, 'MACCHINA', 1, TO_DATE ('28-MAG-2020
20:15 ','DD -MON - YYYY HH24 :MI ') , TO_DATE ('28-MAG-2020
20:45 ','DD -MON - YYYY HH24 :MI ') , 8, 16);

INSERT INTO JOURNEY VALUES(14, 'MACCHINA', 1, TO_DATE ('11-GIU-2020
13:00 ','DD -MON - YYYY HH24 :MI ') , TO_DATE ('11-GIU-2020
13:40 ','DD -MON - YYYY HH24 :MI ') , 9, 17);


INSERT INTO JOURNEY VALUES(7, 'MACCHINA', 1, TO_DATE ('27-MAG-2020
12:00 ','DD -MON - YYYY HH24 :MI ') , TO_DATE ('27-MAG-2020
12:55 ','DD -MON - YYYY HH24 :MI ') , 10, 21);

INSERT INTO JOURNEY VALUES(11, 'MOTORINO', 1, TO_DATE ('22-MAG-2020
19:35 ','DD -MON - YYYY HH24 :MI ') , TO_DATE ('22-MAG-2020
20:05 ','DD -MON - YYYY HH24 :MI ') , 11, 12);

INSERT INTO JOURNEY VALUES(12, 'MACCHINA', 1, TO_DATE ('25-MAG-2020
20:30: ','DD -MON - YYYY HH24 :MI ') , TO_DATE ('25-MAG-2020
21:00 ','DD -MON - YYYY HH24 :MI ') , 12, 19);

INSERT INTO JOURNEY  VALUES(12, 'MOTORINO', 1, TO_DATE ('04-GIU-2020
14:40: ','DD -MON - YYYY HH24 :MI ') , TO_DATE ('04-GIU-2020
14:50: ','DD -MON - YYYY HH24 :MI ') , 13, 14);

INSERT INTO JOURNEY VALUES(5, 'MOTORINO', 1, TO_DATE ('03-GIU-2020
22:00 ','DD -MON - YYYY HH24 :MI ') , TO_DATE ('03-GIU-2020
22:30 ','DD -MON - YYYY HH24 :MI ') , 14, 23);

INSERT INTO JOURNEY VALUES(15, 'MACCHINA', 1, TO_DATE ('01-GIU-2020
15:00 ','DD -MON - YYYY HH24 :MI ') , TO_DATE ('01-GIU-2020
16:05 ','DD -MON - YYYY HH24 :MI ') , 15, 10);

INSERT INTO JOURNEY VALUES(15, 'MOTORINO', 1, TO_DATE ('31-MAG-2020
20:05: ','DD -MON - YYYY HH24 :MI ') , TO_DATE ('31-MAG-2020
20:55 ','DD -MON - YYYY HH24 :MI ') , 16, 24);

INSERT INTO JOURNEY VALUES(10, 'MACCHINA', 1, TO_DATE ('28-MAG-2020
13:20 ','DD -MON - YYYY HH24 :MI ') , TO_DATE ('28-MAG-2020
13:55 ','DD -MON - YYYY HH24 :MI ') , 17, 18);

INSERT INTO JOURNEY  VALUES(10, 'MACCHINA', 1, TO_DATE ('10-GIU-2020
14:30: ','DD -MON - YYYY HH24 :MI ') , TO_DATE ('10-GIU-2020
15:10 ','DD -MON - YYYY HH24 :MI ') , 18, 13);

INSERT INTO JOURNEY VALUES(10, 'MACCHINA', 1, TO_DATE ('08-GIU-2020
20:30: ','DD -MON - YYYY HH24 :MI ') , TO_DATE ('08-GIU-2020
21:20 ','DD -MON - YYYY HH24 :MI ') , 19, 23);



INSERT INTO ORDINE VALUES(101,1);
INSERT INTO ORDINE VALUES(102,2);
INSERT INTO ORDINE VALUES(103,3);
INSERT INTO ORDINE VALUES(104,4);
INSERT INTO ORDINE VALUES(105,5);
INSERT INTO ORDINE VALUES(106,6);
INSERT INTO ORDINE VALUES(107,7);
INSERT INTO ORDINE VALUES(108,8);
INSERT INTO ORDINE VALUES(109,9);
INSERT INTO ORDINE VALUES(110,10);
INSERT INTO ORDINE VALUES(111,11);
INSERT INTO ORDINE VALUES(112,12);
INSERT INTO ORDINE VALUES(113,13);
INSERT INTO ORDINE VALUES(114,14);
INSERT INTO ORDINE VALUES(115,15);
INSERT INTO ORDINE VALUES(116,16);
INSERT INTO ORDINE VALUES(117,17);
INSERT INTO ORDINE VALUES(118,18);
INSERT INTO ORDINE VALUES(119,19);
INSERT INTO ORDINE VALUES(120,20);
INSERT INTO ORDINE VALUES(121,21);
INSERT INTO ORDINE VALUES(122,22);
INSERT INTO ORDINE VALUES(123,23);
INSERT INTO ORDINE VALUES(124,24);
INSERT INTO ORDINE VALUES(125,25);
INSERT INTO ORDINE VALUES(126,26);
INSERT INTO ORDINE VALUES(127,27);
INSERT INTO ORDINE VALUES(128,28);
INSERT INTO ORDINE VALUES(129,29);
INSERT INTO ORDINE VALUES(130,30);
INSERT INTO ORDINE VALUES(131,31);
INSERT INTO ORDINE VALUES(132,32);
INSERT INTO ORDINE VALUES(133,33);
INSERT INTO ORDINE VALUES(134,34);
INSERT INTO TAVOLO VALUES(1, 6, 'IT237858945');
INSERT INTO TAVOLO VALUES(2, 4, 'IT237858945');
INSERT INTO TAVOLO VALUES(3, 10, 'IT237858945');
INSERT INTO TAVOLO VALUES(4, 2, 'IT237858945');
INSERT INTO TAVOLO VALUES(5, 8, 'IT237858945');
INSERT INTO TAVOLO VALUES(6, 2, 'IT237858945');
INSERT INTO TAVOLO VALUES(7, 12, 'IT237858945');
INSERT INTO TAVOLO VALUES(8, 15, 'IT237858945');
INSERT INTO TAVOLO VALUES(9, 4, 'IT237858945');
INSERT INTO TAVOLO VALUES(10, 2, 'IT237858945');
INSERT INTO TAVOLO VALUES(1, 4, 'IT789415263');
INSERT INTO TAVOLO VALUES(2, 8, 'IT789415263');
INSERT INTO TAVOLO VALUES(3, 8, 'IT789415263');
INSERT INTO TAVOLO VALUES(4, 2, 'IT789415263');
INSERT INTO TAVOLO VALUES(5, 2, 'IT789415263');
INSERT INTO TAVOLO VALUES(6, 14, 'IT789415263');
INSERT INTO TAVOLO VALUES(7, 13, 'IT789415263');
INSERT INTO TAVOLO VALUES(8, 15, 'IT789415263');
INSERT INTO TAVOLO VALUES(9, 3, 'IT789415263');
INSERT INTO TAVOLO VALUES(10, 3, 'IT789415263');
INSERT INTO TAVOLO VALUES(1,4,'IT123456789');
INSERT INTO TAVOLO VALUES(2,4,'IT123456789');
INSERT INTO TAVOLO VALUES(3,6,'IT123456789');
INSERT INTO TAVOLO VALUES(4,10,'IT123456789');
INSERT INTO TAVOLO VALUES(5,15,'IT123456789');
INSERT INTO TAVOLO VALUES(6,4,'IT123456789');
INSERT INTO TAVOLO VALUES(7,4,'IT123456789');
INSERT INTO TAVOLO VALUES(8,8,'IT123456789');
INSERT INTO TAVOLO VALUES(9,12,'IT123456789');
INSERT INTO TAVOLO VALUES(10,10,'IT123456789');

INSERT INTO TAVOLO VALUES(1,4,'IT987654321');
INSERT INTO TAVOLO VALUES(2,4,'IT987654321');
INSERT INTO TAVOLO VALUES(3,6,'IT987654321');
INSERT INTO TAVOLO VALUES(4,10,'IT987654321');
INSERT INTO TAVOLO VALUES(5,15,'IT987654321');
INSERT INTO TAVOLO VALUES(6,4,'IT987654321');
INSERT INTO TAVOLO VALUES(7,4,'IT987654321');
INSERT INTO TAVOLO VALUES(8,8,'IT987654321');
INSERT INTO TAVOLO VALUES(9,12,'IT987654321');
INSERT INTO TAVOLO VALUES(10,10,'IT987654321');

INSERT INTO ORDINE_SALA VALUES(101, 3, 'IT123456789');
INSERT INTO ORDINE_SALA VALUES(102, 10, 'IT123456789');
INSERT INTO ORDINE_SALA VALUES(103, 5, 'IT123456789');
INSERT INTO ORDINE_SALA VALUES(104, 9, 'IT123456789');
INSERT INTO ORDINE_SALA VALUES(105, 1, 'IT987654321');
INSERT INTO ORDINE_SALA VALUES(106, 2, 'IT987654321');
INSERT INTO ORDINE_SALA VALUES(107, 7, 'IT987654321');
INSERT INTO ORDINE_SALA VALUES(108, 8, 'IT987654321');
INSERT INTO ORDINE_SALA VALUES(109, 8, 'IT237858945');
INSERT INTO ORDINE_SALA VALUES(110, 8, 'IT237858945');
INSERT INTO ORDINE_SALA VALUES(111, 2, 'IT237858945');
INSERT INTO ORDINE_SALA VALUES(112, 9, 'IT237858945');
INSERT INTO ORDINE_SALA VALUES(113, 2, 'IT789415263');
INSERT INTO ORDINE_SALA VALUES(114, 4, 'IT789415263');
INSERT INTO ORDINE_SALA VALUES(115, 3, 'IT789415263');
INSERT INTO ORDINE_CASA VALUES(116);
INSERT INTO ORDINE_CASA VALUES(117);
INSERT INTO ORDINE_CASA VALUES(118);
INSERT INTO ORDINE_CASA VALUES(119);
INSERT INTO ORDINE_CASA VALUES(120);
INSERT INTO ORDINE_CASA VALUES(121);
INSERT INTO ORDINE_CASA VALUES(122);
INSERT INTO ORDINE_CASA VALUES(123);
INSERT INTO ORDINE_CASA VALUES(124);
INSERT INTO ORDINE_CASA VALUES(125);
INSERT INTO ORDINE_CASA VALUES(126);
INSERT INTO ORDINE_CASA VALUES(127);
INSERT INTO ORDINE_CASA VALUES(128);
INSERT INTO ORDINE_CASA VALUES(129);
INSERT INTO ORDINE_CASA VALUES(130);
INSERT INTO ORDINE_CASA VALUES(131);
INSERT INTO ORDINE_CASA VALUES(132);
INSERT INTO ORDINE_CASA VALUES(133);
INSERT INTO ORDINE_CASA VALUES(134);


INSERT INTO CONSEGNA VALUES('AA1', 116, 1, 24, TO_DATE('31-MAG-2020 21:45', 'DD -MON - YYYY HH24 :MI'));
INSERT INTO CONSEGNA VALUES('AA2', 117, 2, 15,  TO_DATE('03-GIU-2020 19:32', 'DD -MON - YYYY HH24 :MI'));
INSERT INTO CONSEGNA VALUES('AA3', 118, 3, 22,  TO_DATE('31-MAG-2020 13:32', 'DD -MON - YYYY HH24 :MI'));
INSERT INTO CONSEGNA VALUES('AA4', 119, 4, 14,  TO_DATE('27-MAG-2020 13:32', 'DD -MON - YYYY HH24 :MI'));
INSERT INTO CONSEGNA VALUES('AA5', 120, 5, 11,  TO_DATE('16-GIU-2020 20:30', 'DD -MON - YYYY HH24 :MI'));
INSERT INTO CONSEGNA VALUES('AA6', 121, 6, 19,  TO_DATE('07-GIU-2020 21:15', 'DD -MON - YYYY HH24 :MI'));
INSERT INTO CONSEGNA VALUES('AA7', 122, 7, 9,  TO_DATE('02-GIU-2020 14:27', 'DD -MON - YYYY HH24 :MI'));
INSERT INTO CONSEGNA VALUES('AA8', 123, 8, 16, TO_DATE('28-MAG-2020 20:32', 'DD -MON - YYYY HH24 :MI'));
INSERT INTO CONSEGNA VALUES('AA9', 124, 9, 17, TO_DATE('11-GIU-2020 13:20', 'DD -MON - YYYY HH24 :MI'));
INSERT INTO CONSEGNA VALUES('AB1', 125, 10, 21,  TO_DATE('27-MAG-2020 12:27', 'DD -MON - YYYY HH24 :MI'));
INSERT INTO CONSEGNA VALUES('AB2', 126, 11, 12,  TO_DATE('22-MAG-2020 19:50', 'DD -MON - YYYY HH24 :MI'));
INSERT INTO CONSEGNA VALUES('AB3', 127, 12, 19, TO_DATE('25-MAG-2020 20:45', 'DD -MON - YYYY HH24 :MI'));
INSERT INTO CONSEGNA VALUES('AB4', 128, 13, 14,  TO_DATE('04-GIU-2020 14:45', 'DD -MON - YYYY HH24 :MI'));
INSERT INTO CONSEGNA VALUES('AB5', 129, 14, 23,  TO_DATE('13-GIU-2020 22:15', 'DD -MON - YYYY HH24 :MI'));
INSERT INTO CONSEGNA VALUES('AB6', 130, 15, 10,  TO_DATE('01-GIU-2020 15:27', 'DD -MON - YYYY HH24 :MI'));
INSERT INTO CONSEGNA VALUES('AB7', 131, 16, 24,  TO_DATE('31-MAG-2020 20:30', 'DD -MON - YYYY HH24 :MI'));
INSERT INTO CONSEGNA VALUES('AB8', 132, 17, 18, TO_DATE('28-MAG-2020 13:37', 'DD -MON - YYYY HH24 :MI'));
INSERT INTO CONSEGNA VALUES('AB9', 133, 18, 13, TO_DATE('10-GIU-2020 14:50', 'DD -MON - YYYY HH24 :MI'));
INSERT INTO CONSEGNA VALUES('AC1', 134, 19, 23,  TO_DATE('08-GIU-2020 20:55', 'DD -MON - YYYY HH24 :MI'));




INSERT INTO CARTA_DI_CREDITO VALUES('4916620184642536',TO_DATE('MAG-2024','MON-YYYY'),'MATTIA','ESPOSITO','333158543','261');
INSERT INTO CARTA_DI_CREDITO VALUES('4916808663258482',TO_DATE('APR-2023','MON-YYYY'),'STEFANO','TRAPANI', '339758403','123');
INSERT INTO CARTA_DI_CREDITO VALUES('4485573546155772',TO_DATE('GEN-2023','MON-YYYY'),'LUCA','RUBINO', '328741025','837');
INSERT INTO CARTA_DI_CREDITO VALUES('6011450050067868',TO_DATE('OTT-2025','MON-YYYY'),'ANTONIO','DEL GIUDICE', '339854100','736');
INSERT INTO CARTA_DI_CREDITO VALUES('6011624416498112',TO_DATE('OTT-2024','MON-YYYY'),'VITTORIO','PISCITELLI', '333368518','612');
INSERT INTO CARTA_DI_CREDITO VALUES('6011204046303272',TO_DATE('SET-2026','MON-YYYY'),'SALVATORE','MANCINI', '320235471','126');
INSERT INTO CARTA_DI_CREDITO VALUES('3045011056435083',TO_DATE('DIC-2023','MON-YYYY'),'ANDREA','TESTA', '335482669','312');
INSERT INTO CARTA_DI_CREDITO VALUES('3016599551103201',TO_DATE('GIU-2024','MON-YYYY'),'GIULIO','COLUCCI', '337458008','621');
INSERT INTO CARTA_DI_CREDITO VALUES('3011512846189401',TO_DATE('NOV-2024','MON-YYYY'),'GIUSY','BARRUCCI', '339575315','738');
INSERT INTO CARTA_DI_CREDITO VALUES('4175002322463297',TO_DATE('GEN-2026','MON-YYYY'),'STEFANIA','LA COMMARA', '334206595','351');
INSERT INTO CARTA_DI_CREDITO VALUES('4917571538297247',TO_DATE('MAG-2023','MON-YYYY'),'CARMELA','ESPOSITO', '344854466','513');
INSERT INTO CARTA_DI_CREDITO VALUES('3761280974303211',TO_DATE('MAG-2026','MON-YYYY'),'PAOLA','RUGGIERO', '315760108','623');
INSERT INTO CARTA_DI_CREDITO VALUES('4917166130059358',TO_DATE('MAG-2024','MON-YYYY'),'LUDOVICA','VERDE', '339514233','542');
INSERT INTO CARTA_DI_CREDITO VALUES('5163448460251351',TO_DATE('MAG-2027','MON-YYYY'),'ROBERTA','BIONDI', '340187599','908');
INSERT INTO CARTA_DI_CREDITO VALUES('5313473422589580',TO_DATE('FEB-2026','MON-YYYY'),'GIUSEPPE','ROSSI', '338431865','076');
INSERT INTO CARTA_DI_CREDITO VALUES('2221002749460106',TO_DATE('OTT-2027','MON-YYYY'),'PASQUALE','DI LORENZO', '333124567','154');
INSERT INTO CARTA_DI_CREDITO VALUES('3542161225435386',TO_DATE('DIC-2024','MON-YYYY'),'RENATO','ESPOSITO','339140509','701');
INSERT INTO CARTA_DI_CREDITO VALUES('3537118482469013',TO_DATE('FEB-2024','MON-YYYY'),'MARIO','OLIVA','385701694','101');
INSERT INTO CARTA_DI_CREDITO VALUES('3533759527571575',TO_DATE('GIU-2023','MON-YYYY'),'PAOLA','RUGGIERO', '315760108','462');
INSERT INTO CARTA_DI_CREDITO VALUES('5489135982788062',TO_DATE('AGO-2023','MON-YYYY'),'CARMELA','ESPOSITO', '344854466','341');
INSERT INTO CARTA_DI_CREDITO VALUES('5433713173245402',TO_DATE('FEB-2023','MON-YYYY'),'MATTIA','ESPOSITO','333158543','511');
INSERT INTO CARTA_DI_CREDITO VALUES('5544949675041610',TO_DATE('AGO-2023','MON-YYYY'),'GIUSY','BARRUCCI', '339575315','114');
INSERT INTO CARTA_DI_CREDITO VALUES('5020090854226632',TO_DATE('APR-2027','MON-YYYY'),'ANTONIO','DEL GIUDICE', '339854100','912');
INSERT INTO CARTA_DI_CREDITO VALUES('5038463281597521',TO_DATE('MAR-2027','MON-YYYY'),'MATTIA','ESPOSITO','333158543','879');
INSERT INTO CARTA_DI_CREDITO VALUES('4716183910043265',TO_DATE('DIC-2027','MON-YYYY'),'ANDREA','TESTA', '335482669','843');



INSERT INTO CONTO VALUES('0001', 101, '4916620184642536',NULL);
INSERT INTO CONTO VALUES('0002', 102, '4916808663258482',NULL);
INSERT INTO CONTO VALUES('0003', 103, '4485573546155772',NULL);
INSERT INTO CONTO VALUES('0004', 104, '6011450050067868',NULL);
INSERT INTO CONTO VALUES('0005', 105, '6011624416498112',NULL);
INSERT INTO CONTO VALUES('0006', 106, '6011204046303272',NULL);
INSERT INTO CONTO VALUES('0007', 107, '3045011056435083',NULL);
INSERT INTO CONTO VALUES('0008', 108, '3016599551103201',NULL);
INSERT INTO CONTO VALUES('0009', 109, '3011512846189401',NULL);
INSERT INTO CONTO VALUES('0010', 110, '4175002322463297',NULL);
INSERT INTO CONTO VALUES('0011', 111, '4917571538297247',NULL);
INSERT INTO CONTO VALUES('0012', 112, '3761280974303211',NULL);
INSERT INTO CONTO VALUES('0013', 113, '4917166130059358',NULL);
INSERT INTO CONTO VALUES('0014', 114, '5163448460251351',NULL);
INSERT INTO CONTO VALUES('0015', 115, '5313473422589580',NULL);
INSERT INTO CONTO VALUES('0016', 116, '2221002749460106',NULL);
INSERT INTO CONTO VALUES('0017', 117, '3537118482469013',NULL);
INSERT INTO CONTO VALUES('0018', 118, '3542161225435386',NULL);
INSERT INTO CONTO VALUES('0019', 119, '5163448460251351',NULL);
INSERT INTO CONTO VALUES('0020', 120, '4485573546155772',NULL);
INSERT INTO CONTO VALUES('0021', 121, '4175002322463297',NULL);
INSERT INTO CONTO VALUES('0022', 122, '4916808663258482',NULL);
INSERT INTO CONTO VALUES('0023', 123, '3542161225435386',NULL);
INSERT INTO CONTO VALUES('0024', 124, '3011512846189401',NULL);
INSERT INTO CONTO VALUES('0025', 125, '5313473422589580',NULL);
INSERT INTO CONTO VALUES('0026', 126, '6011450050067868',NULL);
INSERT INTO CONTO VALUES('0027', 127, '4916620184642536',NULL);
INSERT INTO CONTO VALUES('0028', 128, '3537118482469013',NULL);
INSERT INTO CONTO VALUES('0029', 129, '5163448460251351',NULL);
INSERT INTO CONTO VALUES('0030', 130, '4485573546155772',NULL);
INSERT INTO CONTO VALUES('0031', 131, '5163448460251351',NULL);
INSERT INTO CONTO VALUES('0032', 132, '3011512846189401',NULL);
INSERT INTO CONTO VALUES('0033', 133, '3045011056435083',NULL);
INSERT INTO CONTO VALUES('0034', 134, '2221002749460106',NULL);




INSERT INTO MENU VALUES(1, 'BAMBINO');
INSERT INTO MENU VALUES(2, 'VEGETARIANO');
INSERT INTO MENU VALUES(3, 'VEGANO');
INSERT INTO MENU VALUES(4, 'MARE');
INSERT INTO MENU VALUES(5, 'TERRA');
INSERT INTO SELEZIONA VALUES( 3, 101, 1);
INSERT INTO SELEZIONA VALUES( 2, 101, 4);
INSERT INTO SELEZIONA VALUES( 4, 102, 1);
INSERT INTO SELEZIONA VALUES( 2, 102, 2);
INSERT INTO SELEZIONA VALUES( 2, 102, 3);
INSERT INTO SELEZIONA VALUES( 2, 102, 5);
INSERT INTO SELEZIONA VALUES( 6, 103, 1);
INSERT INTO SELEZIONA VALUES( 4, 103, 4);
INSERT INTO SELEZIONA VALUES( 5, 103, 5);
INSERT INTO SELEZIONA VALUES( 4, 104, 1);
INSERT INTO SELEZIONA VALUES( 2, 104, 3);
INSERT INTO SELEZIONA VALUES( 2, 104, 4);
INSERT INTO SELEZIONA VALUES( 2, 105, 3);
INSERT INTO SELEZIONA VALUES( 1, 106, 1);
INSERT INTO SELEZIONA VALUES( 3, 106, 5);
INSERT INTO SELEZIONA VALUES( 1, 107, 1);
INSERT INTO SELEZIONA VALUES( 1, 107, 5);
INSERT INTO SELEZIONA VALUES( 3, 108, 1);
INSERT INTO SELEZIONA VALUES( 5, 108, 5);
INSERT INTO SELEZIONA VALUES( 5, 109, 1);
INSERT INTO SELEZIONA VALUES( 3, 109, 3);
INSERT INTO SELEZIONA VALUES( 2, 109, 2);
INSERT INTO SELEZIONA VALUES( 3, 109, 4);
INSERT INTO SELEZIONA VALUES( 1, 109, 5);
INSERT INTO SELEZIONA VALUES( 2, 110, 3);
INSERT INTO SELEZIONA VALUES( 5, 110, 4);
INSERT INTO SELEZIONA VALUES( 5, 110, 5);
INSERT INTO SELEZIONA VALUES( 3, 110, 2);
INSERT INTO SELEZIONA VALUES( 3, 111, 5);
INSERT INTO SELEZIONA VALUES( 2, 112, 1);
INSERT INTO SELEZIONA VALUES( 2, 111, 4);
INSERT INTO SELEZIONA VALUES( 3, 113, 1);
INSERT INTO SELEZIONA VALUES( 3, 113, 5);
INSERT INTO SELEZIONA VALUES( 2, 113, 3);
INSERT INTO SELEZIONA VALUES( 2, 114, 2);
INSERT INTO SELEZIONA VALUES( 3, 115, 4);
INSERT INTO SELEZIONA VALUES( 2, 115, 2);
INSERT INTO SELEZIONA VALUES( 3, 116, 4);
INSERT INTO SELEZIONA VALUES( 2, 117, 2);
INSERT INTO SELEZIONA VALUES( 1, 117, 1);
INSERT INTO SELEZIONA VALUES( 5, 118, 5);
INSERT INTO SELEZIONA VALUES( 2, 119, 1);
INSERT INTO SELEZIONA VALUES( 2, 119, 3);
INSERT INTO SELEZIONA VALUES( 1, 120, 1);
INSERT INTO SELEZIONA VALUES( 3, 120, 4);
INSERT INTO SELEZIONA VALUES( 2, 121, 2);
INSERT INTO SELEZIONA VALUES( 2, 122, 4);
INSERT INTO SELEZIONA VALUES( 2, 123, 2);
INSERT INTO SELEZIONA VALUES( 5, 124, 5);
INSERT INTO SELEZIONA VALUES( 2, 124, 3);
INSERT INTO SELEZIONA VALUES( 2, 125, 4);
INSERT INTO SELEZIONA VALUES( 1, 126, 1);
INSERT INTO SELEZIONA VALUES( 6, 126, 4);
INSERT INTO SELEZIONA VALUES( 6, 127, 5);
INSERT INTO SELEZIONA VALUES( 4, 127, 3);
INSERT INTO SELEZIONA VALUES( 2, 128, 3);
INSERT INTO SELEZIONA VALUES( 5, 129, 1);
INSERT INTO SELEZIONA VALUES( 2, 130, 2);
INSERT INTO SELEZIONA VALUES( 4, 131, 5);
INSERT INTO SELEZIONA VALUES( 5, 132, 4);
INSERT INTO SELEZIONA VALUES( 3, 133, 3);
INSERT INTO SELEZIONA VALUES( 2, 133, 2);
INSERT INTO SELEZIONA VALUES( 10, 134, 4);
INSERT INTO SELEZIONA VALUES( 4, 134, 5);
INSERT INTO PASTO VALUES('PENNETTE AL SUGO',8);
INSERT INTO PASTO VALUES('COTOLETTA',10);
INSERT INTO PASTO VALUES('PATATE',2);
INSERT INTO PASTO VALUES('GNOCCHI DI SEMOLINO',10);
INSERT INTO PASTO VALUES('VERDURE RIPIENE',12);
INSERT INTO PASTO VALUES('CESTO DI PANE',3);
INSERT INTO PASTO VALUES('BROCCA DI ACQUA',2);
INSERT INTO PASTO VALUES('BROCCA DI COCA-COLA',3);
INSERT INTO PASTO VALUES('BROCCA DI VINO',6);
INSERT INTO PASTO VALUES('RISOTTO AI PISELLI', 8);
INSERT INTO PASTO VALUES('BURGER VEGETALI', 7);
INSERT INTO PASTO VALUES('CESTO PANE DI SEGALE', 2);
INSERT INTO PASTO VALUES('INSALATA DI MARE', 15);
INSERT INTO PASTO VALUES('LINGUINI AI FRUTTI DI MARE', 18);
INSERT INTO PASTO VALUES('FILETTO D ORATA SCALOPPATO', 18);
INSERT INTO PASTO VALUES('PROSCIUTTO E MOZZARELLA', 9);
INSERT INTO PASTO VALUES('GNOCCHI AL POMODORO', 12);
INSERT INTO PASTO VALUES('FILETTO DI MAIALE', 15);
INSERT INTO CONTIENE VALUES (1,'PENNETTE AL SUGO'); 
INSERT INTO CONTIENE VALUES (1,'COTOLETTA'); 
INSERT INTO CONTIENE VALUES (1,'PATATE'); 
INSERT INTO CONTIENE VALUES (1,'CESTO DI PANE'); 
INSERT INTO CONTIENE VALUES (1,'BROCCA DI COCA-COLA');
INSERT INTO CONTIENE VALUES (2,'GNOCCHI DI SEMOLINO'); 
INSERT INTO CONTIENE VALUES (2,'VERDURE RIPIENE'); 
INSERT INTO CONTIENE VALUES (2,'BROCCA DI ACQUA'); 
INSERT INTO CONTIENE VALUES (2,'CESTO DI PANE'); 
INSERT INTO CONTIENE VALUES (3,'RISOTTO AI PISELLI'); 
INSERT INTO CONTIENE VALUES (3,'BURGER VEGETALI'); 
INSERT INTO CONTIENE VALUES (3,'CESTO PANE DI SEGALE'); 
INSERT INTO CONTIENE VALUES (3,'BROCCA DI ACQUA'); 
INSERT INTO CONTIENE VALUES (4,'LINGUINI AI FRUTTI DI MARE'); 
INSERT INTO CONTIENE VALUES (4,'FILETTO D ORATA SCALOPPATO'); 
INSERT INTO CONTIENE VALUES (4,'CESTO DI PANE'); 
INSERT INTO CONTIENE VALUES (4,'BROCCA DI VINO'); 
INSERT INTO CONTIENE VALUES (4,'INSALATA DI MARE'); 
INSERT INTO CONTIENE VALUES (5,'PROSCIUTTO E MOZZARELLA'); 
INSERT INTO CONTIENE VALUES (5,'GNOCCHI AL POMODORO'); 
INSERT INTO CONTIENE VALUES (5,'FILETTO DI MAIALE'); 
INSERT INTO CONTIENE VALUES (5,'CESTO DI PANE'); 
INSERT INTO CONTIENE VALUES (5,'BROCCA DI VINO');
INSERT INTO CONTIENE VALUES (5,'PATATE');
INSERT INTO INGREDIENTE VALUES('AA000001','PASTA');
INSERT INTO INGREDIENTE VALUES('AA000002','FARINA');
INSERT INTO INGREDIENTE VALUES('AA000003','UOVA');
INSERT INTO INGREDIENTE VALUES('AA000004','OLIO');
INSERT INTO INGREDIENTE VALUES('AA000005','SALE');
INSERT INTO INGREDIENTE VALUES('AA000006','PEPE');
INSERT INTO INGREDIENTE VALUES('AA000007','RISO');
INSERT INTO INGREDIENTE VALUES('AA000008','SALSA');
INSERT INTO INGREDIENTE VALUES('AA000009','POLLO');
INSERT INTO INGREDIENTE VALUES('AA000010','PATATE');
INSERT INTO INGREDIENTE VALUES('AA000011','SEMOLINO');
INSERT INTO INGREDIENTE VALUES('AA000012','INSALATA');
INSERT INTO INGREDIENTE VALUES('AA000013','PANE');
INSERT INTO INGREDIENTE VALUES('AA000014','ACQUA');
INSERT INTO INGREDIENTE VALUES('AA000015','COCA-COLA');
INSERT INTO INGREDIENTE VALUES('AA000016','VINO');
INSERT INTO INGREDIENTE VALUES('AA000017','PISELLI');
INSERT INTO INGREDIENTE VALUES('AA000018','BURGER VEGETALI');
INSERT INTO INGREDIENTE VALUES('AA000019','PANE DI SEGALE');
INSERT INTO INGREDIENTE VALUES('AA000020','FRUTTI DI MARE');
INSERT INTO INGREDIENTE VALUES('AA000021','ZUCCHINE');
INSERT INTO INGREDIENTE VALUES('AA000022','PEPERONI');
INSERT INTO INGREDIENTE VALUES('AA000023','CIPOLLA');
INSERT INTO INGREDIENTE VALUES('AA000024','RICOTTA');
INSERT INTO INGREDIENTE VALUES('AA000025','PARMIGIANO');
INSERT INTO INGREDIENTE VALUES('AA000026','MELANZANE');
INSERT INTO INGREDIENTE VALUES('AA000027','CARCIOFI');
INSERT INTO INGREDIENTE VALUES('AA000028','AGLIO');
INSERT INTO INGREDIENTE VALUES('AA000029','GAMBERI');
INSERT INTO INGREDIENTE VALUES('AA000030','MERLUZZETTI');
INSERT INTO INGREDIENTE VALUES('AA000031','ALICI');
INSERT INTO INGREDIENTE VALUES('AA000032','CALAMARI');
INSERT INTO INGREDIENTE VALUES('AA000033','MOSCARDINI');
INSERT INTO INGREDIENTE VALUES('AA000034','LIMONE');
INSERT INTO INGREDIENTE VALUES('AA000035','POMODORINI');
INSERT INTO INGREDIENTE VALUES('AA000036','POMODORI');
INSERT INTO INGREDIENTE VALUES('AA000037','PREZZEMOLO');
INSERT INTO INGREDIENTE VALUES('AA000038','PEPERONCINO');
INSERT INTO INGREDIENTE VALUES('AA000039','PROSCIUTTO COTTO');
INSERT INTO INGREDIENTE VALUES('AA000040','PROSCIUTTO CRUDO');
INSERT INTO INGREDIENTE VALUES('AA000041','MOZZARELLA DI BUFALA');
INSERT INTO INGREDIENTE VALUES('AA000042','MAIALE');
INSERT INTO INGREDIENTE VALUES ('AA000043','ORATA');
INSERT INTO INGREDIENTE VALUES ('AA000044','BASILICO');
INSERT INTO INGREDIENTE VALUES ('AA000045','PAN GRATTATO');
INSERT INTO SI_COMPONE VALUES('PENNETTE AL SUGO', 'AA000001', '250g');
INSERT INTO SI_COMPONE VALUES('PENNETTE AL SUGO', 'AA000004', '10ml');
INSERT INTO SI_COMPONE VALUES('PENNETTE AL SUGO', 'AA000008', '100ml');
INSERT INTO SI_COMPONE VALUES('PENNETTE AL SUGO', 'AA000005', '5g');
INSERT INTO SI_COMPONE VALUES('PENNETTE AL SUGO', 'AA000044', '2g');
INSERT INTO SI_COMPONE VALUES('PENNETTE AL SUGO', 'AA000025', '25g');
INSERT INTO SI_COMPONE VALUES('COTOLETTA', 'AA000009', '200g');
INSERT INTO SI_COMPONE VALUES('COTOLETTA', 'AA000005', '2g');
INSERT INTO SI_COMPONE VALUES('COTOLETTA', 'AA000004', '10ml');
INSERT INTO SI_COMPONE VALUES('COTOLETTA', 'AA000045', '125g');
INSERT INTO SI_COMPONE VALUES('PATATE', 'AA000005', '2g');
INSERT INTO SI_COMPONE VALUES('PATATE', 'AA000004', '10ml');
INSERT INTO SI_COMPONE VALUES('PATATE', 'AA000010', '200g');
INSERT INTO SI_COMPONE VALUES('GNOCCHI DI SEMOLINO', 'AA000001', '250g');
INSERT INTO SI_COMPONE VALUES('GNOCCHI DI SEMOLINO', 'AA000004', '10ml');
INSERT INTO SI_COMPONE VALUES('GNOCCHI DI SEMOLINO', 'AA000005', '5g');
INSERT INTO SI_COMPONE VALUES('GNOCCHI DI SEMOLINO', 'AA000003', '2');
INSERT INTO SI_COMPONE VALUES('GNOCCHI DI SEMOLINO', 'AA000011', '150g');
INSERT INTO SI_COMPONE VALUES('VERDURE RIPIENE', 'AA000004', '10ml');
INSERT INTO SI_COMPONE VALUES('VERDURE RIPIENE', 'AA000005', '2g');
INSERT INTO SI_COMPONE VALUES('VERDURE RIPIENE', 'AA000045', '125g');
INSERT INTO SI_COMPONE VALUES('VERDURE RIPIENE', 'AA000003', '2');
INSERT INTO SI_COMPONE VALUES('VERDURE RIPIENE', 'AA000006', '2g');
INSERT INTO SI_COMPONE VALUES('VERDURE RIPIENE', 'AA000021', '50g');
INSERT INTO SI_COMPONE VALUES('VERDURE RIPIENE', 'AA000022', '50g');
INSERT INTO SI_COMPONE VALUES('VERDURE RIPIENE', 'AA000023', '50g');
INSERT INTO SI_COMPONE VALUES('VERDURE RIPIENE', 'AA000024', '50g');
INSERT INTO SI_COMPONE VALUES('VERDURE RIPIENE', 'AA000026', '50g');
INSERT INTO SI_COMPONE VALUES('VERDURE RIPIENE', 'AA000027', '50g');
INSERT INTO SI_COMPONE VALUES('VERDURE RIPIENE', 'AA000028', '5g');
INSERT INTO SI_COMPONE VALUES('CESTO DI PANE', 'AA000013', '1kg');
INSERT INTO SI_COMPONE VALUES('BROCCA DI ACQUA', 'AA000014', '2l');
INSERT INTO SI_COMPONE VALUES('BROCCA DI COCA-COLA', 'AA000015', '2l');
INSERT INTO SI_COMPONE VALUES('BROCCA DI VINO', 'AA000016', '2l');
INSERT INTO SI_COMPONE VALUES('RISOTTO AI PISELLI', 'AA000007', '250g');
INSERT INTO SI_COMPONE VALUES('RISOTTO AI PISELLI', 'AA000005', '5g');
INSERT INTO SI_COMPONE VALUES('RISOTTO AI PISELLI', 'AA000004', '10ml');
INSERT INTO SI_COMPONE VALUES('RISOTTO AI PISELLI', 'AA000023', '20g');
INSERT INTO SI_COMPONE VALUES('RISOTTO AI PISELLI', 'AA000017', '200g');
INSERT INTO SI_COMPONE VALUES('RISOTTO AI PISELLI', 'AA000025', '25g');
INSERT INTO SI_COMPONE VALUES('BURGER VEGETALI', 'AA000018', '400g');
INSERT INTO SI_COMPONE VALUES('CESTO PANE DI SEGALE', 'AA000019', '1kg');
INSERT INTO SI_COMPONE VALUES('INSALATA DI MARE', 'AA000002', '100g');
INSERT INTO SI_COMPONE VALUES('INSALATA DI MARE', 'AA000005', '2g');
INSERT INTO SI_COMPONE VALUES('INSALATA DI MARE', 'AA000004', '10ml');
INSERT INTO SI_COMPONE VALUES('INSALATA DI MARE', 'AA000006', '2g');
INSERT INTO SI_COMPONE VALUES('INSALATA DI MARE', 'AA000029', '50g');
INSERT INTO SI_COMPONE VALUES('INSALATA DI MARE', 'AA000030', '50g');
INSERT INTO SI_COMPONE VALUES('INSALATA DI MARE', 'AA000031', '50g');
INSERT INTO SI_COMPONE VALUES('INSALATA DI MARE', 'AA000032', '50g');
INSERT INTO SI_COMPONE VALUES('INSALATA DI MARE', 'AA000033', '50g');
INSERT INTO SI_COMPONE VALUES('INSALATA DI MARE', 'AA000034', '1');
INSERT INTO SI_COMPONE VALUES('LINGUINI AI FRUTTI DI MARE', 'AA000001', '250g');
INSERT INTO SI_COMPONE VALUES('LINGUINI AI FRUTTI DI MARE', 'AA000004', '10ml');
INSERT INTO SI_COMPONE VALUES('LINGUINI AI FRUTTI DI MARE', 'AA000005', '5g');
INSERT INTO SI_COMPONE VALUES('LINGUINI AI FRUTTI DI MARE', 'AA000038', '5g');
INSERT INTO SI_COMPONE VALUES('LINGUINI AI FRUTTI DI MARE', 'AA000028', '2g');
INSERT INTO SI_COMPONE VALUES('LINGUINI AI FRUTTI DI MARE', 'AA000020', '150g');
INSERT INTO SI_COMPONE VALUES('FILETTO D ORATA SCALOPPATO', 'AA000028', '2g');
INSERT INTO SI_COMPONE VALUES('FILETTO D ORATA SCALOPPATO', 'AA000043', '300g');
INSERT INTO SI_COMPONE VALUES('FILETTO D ORATA SCALOPPATO', 'AA000037', '10g');
INSERT INTO SI_COMPONE VALUES('FILETTO D ORATA SCALOPPATO', 'AA000005', '2g');
INSERT INTO SI_COMPONE VALUES('FILETTO D ORATA SCALOPPATO', 'AA000004', '10ml');
INSERT INTO SI_COMPONE VALUES('FILETTO D ORATA SCALOPPATO', 'AA000034', '1');
INSERT INTO SI_COMPONE VALUES('PROSCIUTTO E MOZZARELLA', 'AA000040', '150g');
INSERT INTO SI_COMPONE VALUES('PROSCIUTTO E MOZZARELLA', 'AA000041', '300g');
INSERT INTO SI_COMPONE VALUES('GNOCCHI AL POMODORO', 'AA000001', '250g');
INSERT INTO SI_COMPONE VALUES('GNOCCHI AL POMODORO', 'AA000004', '10ml');
INSERT INTO SI_COMPONE VALUES('GNOCCHI AL POMODORO', 'AA000005', '5g');
INSERT INTO SI_COMPONE VALUES('GNOCCHI AL POMODORO', 'AA000006', '2g');
INSERT INTO SI_COMPONE VALUES('GNOCCHI AL POMODORO', 'AA000008', '100ml');
INSERT INTO SI_COMPONE VALUES('GNOCCHI AL POMODORO', 'AA000028', '2g');
INSERT INTO SI_COMPONE VALUES('GNOCCHI AL POMODORO', 'AA000025', '25g');
INSERT INTO SI_COMPONE VALUES('GNOCCHI AL POMODORO', 'AA000044', '2g');
INSERT INTO SI_COMPONE VALUES('FILETTO DI MAIALE', 'AA000042', '300g');
INSERT INTO SI_COMPONE VALUES('FILETTO DI MAIALE', 'AA000004', '10ml');
INSERT INTO SI_COMPONE VALUES('FILETTO DI MAIALE', 'AA000005', '2g');
INSERT INTO SI_COMPONE VALUES('FILETTO DI MAIALE', 'AA000006', '2g');
INSERT INTO FORNITORE VALUES('IT620184642','BOLDRINI','344854646','ROMA','00148','ETTORE ROMAGNOLI');
INSERT INTO FORNITORE VALUES('IT916808663','AGRUMETTA BEVANDE','315760081','ROMA','00171','GIANDOMENICO ROMAGNOSI');
INSERT INTO FORNITORE VALUES('IT155772217','CAPECCHI','339514323','ROMA','00123','PIAZZA VENERE');
INSERT INTO FORNITORE VALUES('IT601162441','CENTER FOOD','340187959','ROMA','00131','VIVARO ROMANO');
INSERT INTO FORNITORE VALUES('IT204046303','AM CARNI','338341685','ROMA','00139','UMBERTO COROMALDI');
INSERT INTO FORNITORE VALUES('IT001105643','COSTIGLIOLA','339758431','NAPOLI','80100','SECONDIGLIANO');
INSERT INTO FORNITORE VALUES('IT512846189','CALIENDO BIBITE','328741675','NAPOLI','80141','CAPODICHINO');
INSERT INTO FORNITORE VALUES('IT430321165','CARLSBERG','339855419','NAPOLI','80150','VOMERO');
INSERT INTO FORNITORE VALUES('IT430324372','ENOSPACE','332268518','NAPOLI','80152','CAPODIMONTE');
INSERT INTO FORNITORE VALUES('IT430353271','GESCA','320235341','NAPOLI','80200','ARENACCIA');

INSERT INTO FORNITORE VALUES('IT898989898','LA CHIONA','334898989','TORINO','10121','FRANCESCO'); 
INSERT INTO FORNITORE VALUES('IT171717171','PATERA','335171717','TORINO','10147','LA TORRE'); 
INSERT INTO FORNITORE VALUES('IT232323232','CORTILIA','334232323','TORINO','10150','OREFICE'); 
INSERT INTO FORNITORE VALUES('IT343434343','IL FRULLONE','335343434','TORINO','10134','KANT'); 
INSERT INTO FORNITORE VALUES('IT656565656','LUISANA','334655656','TORINO','10127','PITAGORA'); 
INSERT INTO FORNITORE VALUES('IT778787877','IL MARTELLLONE','335787878','MILANO','20147','ERACLITO'); 
INSERT INTO FORNITORE VALUES('IT333311122','PARTIAGO','334333112','MILANO','20150','PIAZZA SOCRATE');
INSERT INTO FORNITORE VALUES('IT454545454','RETROMI','335454545','MILANO','20147','PIAZZA PLATONE');
INSERT INTO FORNITORE VALUES('IT666676654','POSTIGLIA','334666366','MILANO','20145','ARISTOTELE');
INSERT INTO FORNITORE VALUES('IT122221111','DELIA','335122212','MILANO','20156','RENE DESCARTES');
INSERT INTO FORNITURA VALUES(234, 5130, TO_DATE ('18-MAG-2020','DD -MON - YYYY') , 'IT620184642', 'IT237858945',TO_DATE ('12-MAG-2020','DD -MON - YYYY'));
INSERT INTO FORNITURA VALUES(312, 3950, TO_DATE ('22-MAG-2020','DD -MON - YYYY') , 'IT916808663', 'IT237858945', TO_DATE ('14-MAG-2020','DD -MON - YYYY'));
INSERT INTO FORNITURA VALUES(145, 2685, TO_DATE ('19-MAG-2020','DD -MON - YYYY') , 'IT155772217', 'IT237858945', TO_DATE ('12-MAG-2020','DD -MON - YYYY'));
INSERT INTO FORNITURA VALUES(150, 2160, TO_DATE ('22-MAG-2020','DD -MON - YYYY') , 'IT601162441', 'IT237858945', TO_DATE ('15-MAG-2020','DD -MON - YYYY'));
INSERT INTO FORNITURA VALUES(201, 1890, TO_DATE ('21-MAG-2020','DD -MON - YYYY') , 'IT204046303', 'IT237858945', TO_DATE ('12-MAG-2020','DD -MON - YYYY'));
INSERT INTO FORNITURA VALUES(300, 5340, TO_DATE ('22-MAG-2020','DD -MON - YYYY') , 'IT001105643', 'IT789415263', TO_DATE ('15-MAG-2020','DD -MON - YYYY'));
INSERT INTO FORNITURA VALUES(322, 4380, TO_DATE ('22-MAG-2020','DD -MON - YYYY') , 'IT512846189', 'IT789415263', TO_DATE ('15-MAG-2020','DD -MON - YYYY'));
INSERT INTO FORNITURA VALUES(108, 2990, TO_DATE ('19-MAG-2020','DD -MON - YYYY') , 'IT430321165', 'IT789415263', TO_DATE ('11-MAG-2020','DD -MON - YYYY'));
INSERT INTO FORNITURA VALUES(188, 2610, TO_DATE ('22-MAG-2020','DD -MON - YYYY') , 'IT430324372', 'IT789415263', TO_DATE ('15-MAG-2020','DD -MON - YYYY'));
INSERT INTO FORNITURA VALUES(222, 2000, TO_DATE ('19-MAG-2020','DD -MON - YYYY') , 'IT430353271', 'IT789415263', TO_DATE ('11-MAG-2020','DD -MON - YYYY'));


INSERT INTO FORNITURA VALUES(170,5150,TO_DATE ('19-MAG-2020','DD -MON - YYYY'),'IT898989898','IT123456789',TO_DATE ('12-MAG-2020','DD -MON - YYYY'));
INSERT INTO FORNITURA VALUES(171,4280,TO_DATE ('20-MAG-2020','DD -MON - YYYY'),'IT171717171','IT123456789',TO_DATE ('13-MAG-2020','DD -MON - YYYY'));
INSERT INTO FORNITURA VALUES(172,2800,TO_DATE ('19-MAG-2020','DD -MON - YYYY'),'IT232323232','IT123456789',TO_DATE ('12-MAG-2020','DD -MON - YYYY'));
INSERT INTO FORNITURA VALUES(173,2755,TO_DATE ('21-MAG-2020','DD -MON - YYYY'),'IT343434343','IT123456789',TO_DATE ('13-MAG-2020','DD -MON - YYYY'));
INSERT INTO FORNITURA VALUES(174,1550,TO_DATE ('21-MAG-2020','DD -MON - YYYY'),'IT656565656','IT123456789',TO_DATE ('12-MAG-2020','DD -MON - YYYY'));
INSERT INTO FORNITURA VALUES(175,5500,TO_DATE ('18-MAG-2020','DD -MON - YYYY'),'IT778787877','IT987654321',TO_DATE ('11-MAG-2020','DD -MON - YYYY'));
INSERT INTO FORNITURA VALUES(176,4120,TO_DATE ('22-MAG-2020','DD -MON - YYYY'),'IT333311122','IT987654321',TO_DATE ('14-MAG-2020','DD -MON - YYYY'));
INSERT INTO FORNITURA VALUES(177,2500,TO_DATE ('18-MAG-2020','DD -MON - YYYY'),'IT454545454','IT987654321',TO_DATE ('13-MAG-2020','DD -MON - YYYY'));
INSERT INTO FORNITURA VALUES(178,2580,TO_DATE ('20-MAG-2020','DD -MON - YYYY'),'IT666676654','IT987654321',TO_DATE ('14-MAG-2020','DD -MON - YYYY'));
INSERT INTO FORNITURA VALUES(179,1700,TO_DATE ('21-MAG-2020','DD -MON - YYYY'),'IT122221111','IT987654321',TO_DATE ('15-MAG-2020','DD -MON - YYYY'));

 INSERT INTO PROVIENE_DA VALUES('AA000001',234,'20KG');
INSERT INTO PROVIENE_DA VALUES('AA000002',234,'30KG');
INSERT INTO PROVIENE_DA VALUES('AA000003',234,'60PZ');
INSERT INTO PROVIENE_DA VALUES('AA000004',234,'200LT');
INSERT INTO PROVIENE_DA VALUES('AA000005',234,'15KG');
INSERT INTO PROVIENE_DA VALUES('AA000006',234,'10KG');
INSERT INTO PROVIENE_DA VALUES('AA000007',234,'30KG');
INSERT INTO PROVIENE_DA VALUES('AA000008',234,'80LT');
INSERT INTO PROVIENE_DA VALUES('AA000009',312,'20KG');
INSERT INTO PROVIENE_DA VALUES('AA000010',312,'20KG');
INSERT INTO PROVIENE_DA VALUES('AA000011',312,'5KG');
INSERT INTO PROVIENE_DA VALUES('AA000012',312,'50KG');
INSERT INTO PROVIENE_DA VALUES('AA000013',312,'30KG');
INSERT INTO PROVIENE_DA VALUES('AA000014',312,'10LT');
INSERT INTO PROVIENE_DA VALUES('AA000015',312,'10LT');
INSERT INTO PROVIENE_DA VALUES('AA000016',312,'4LT');
INSERT INTO PROVIENE_DA VALUES('AA000017',312,'10KG');
INSERT INTO PROVIENE_DA VALUES('AA000018',312,'10KG');
INSERT INTO PROVIENE_DA VALUES('AA000019',145,'30KG');
INSERT INTO PROVIENE_DA VALUES('AA000020',145,'10KG');
INSERT INTO PROVIENE_DA VALUES('AA000021',145,'9KG');
INSERT INTO PROVIENE_DA VALUES('AA000022',145,'9KG');
INSERT INTO PROVIENE_DA VALUES('AA000023',145,'4KG');
INSERT INTO PROVIENE_DA VALUES('AA000024',145,'8KG');
INSERT INTO PROVIENE_DA VALUES('AA000025',145,'20KG');
INSERT INTO PROVIENE_DA VALUES('AA000026',145,'9KG');
INSERT INTO PROVIENE_DA VALUES('AA000027',145,'9KG');
INSERT INTO PROVIENE_DA VALUES('AA000028',150,'4KG');
INSERT INTO PROVIENE_DA VALUES('AA000029',150,'10KG');
INSERT INTO PROVIENE_DA VALUES('AA000030',150,'10KG');
INSERT INTO PROVIENE_DA VALUES('AA000031',150,'10KG');
INSERT INTO PROVIENE_DA VALUES('AA000032',150,'30KG');
INSERT INTO PROVIENE_DA VALUES('AA000033',150,'40KG');
INSERT INTO PROVIENE_DA VALUES('AA000034',150,'9KG');
INSERT INTO PROVIENE_DA VALUES('AA000035',150,'30KG');
INSERT INTO PROVIENE_DA VALUES('AA000036',150,'50KG');
INSERT INTO PROVIENE_DA VALUES('AA000037',201,'9KG');
INSERT INTO PROVIENE_DA VALUES('AA000038',201,'3KG');
INSERT INTO PROVIENE_DA VALUES('AA000039',201,'40KG');
INSERT INTO PROVIENE_DA VALUES('AA000040',201,'40KG');
INSERT INTO PROVIENE_DA VALUES('AA000041',201,'50KG');
INSERT INTO PROVIENE_DA VALUES('AA000042',201,'40KG');
INSERT INTO PROVIENE_DA VALUES('AA000043',201,'44KG');
INSERT INTO PROVIENE_DA VALUES('AA000044',201,'30KG');
INSERT INTO PROVIENE_DA VALUES('AA000045',201,'20KG');

INSERT INTO PROVIENE_DA VALUES('AA000001',300,'20KG');
INSERT INTO PROVIENE_DA VALUES('AA000002',300,'30KG');
INSERT INTO PROVIENE_DA VALUES('AA000003',300,'60PZ');
INSERT INTO PROVIENE_DA VALUES('AA000004',300,'200LT');
INSERT INTO PROVIENE_DA VALUES('AA000005',300,'15KG');
INSERT INTO PROVIENE_DA VALUES('AA000006',300,'10KG');
INSERT INTO PROVIENE_DA VALUES('AA000007',300,'30KG');
INSERT INTO PROVIENE_DA VALUES('AA000008',300,'80LT');
INSERT INTO PROVIENE_DA VALUES('AA000009',300,'20KG');
INSERT INTO PROVIENE_DA VALUES('AA000010',322,'20KG');
INSERT INTO PROVIENE_DA VALUES('AA000011',322,'5KG');
INSERT INTO PROVIENE_DA VALUES('AA000012',322,'50KG');
INSERT INTO PROVIENE_DA VALUES('AA000013',322,'30KG');
INSERT INTO PROVIENE_DA VALUES('AA000014',322,'10LT');
INSERT INTO PROVIENE_DA VALUES('AA000015',322,'10LT');
INSERT INTO PROVIENE_DA VALUES('AA000016',322,'4LT');
INSERT INTO PROVIENE_DA VALUES('AA000017',322,'10KG');
INSERT INTO PROVIENE_DA VALUES('AA000018',322,'10KG');
INSERT INTO PROVIENE_DA VALUES('AA000019',108,'30KG');
INSERT INTO PROVIENE_DA VALUES('AA000020',108,'10KG');
INSERT INTO PROVIENE_DA VALUES('AA000021',108,'9KG');
INSERT INTO PROVIENE_DA VALUES('AA000022',108,'9KG');
INSERT INTO PROVIENE_DA VALUES('AA000023',108,'4KG');
INSERT INTO PROVIENE_DA VALUES('AA000024',108,'8KG');
INSERT INTO PROVIENE_DA VALUES('AA000025',108,'20KG');
INSERT INTO PROVIENE_DA VALUES('AA000026',108,'9KG');
INSERT INTO PROVIENE_DA VALUES('AA000027',108,'9KG');
INSERT INTO PROVIENE_DA VALUES('AA000028',108,'4KG');
INSERT INTO PROVIENE_DA VALUES('AA000029',188,'10KG');
INSERT INTO PROVIENE_DA VALUES('AA000030',188,'10KG');
INSERT INTO PROVIENE_DA VALUES('AA000031',188,'10KG');
INSERT INTO PROVIENE_DA VALUES('AA000032',188,'30KG');
INSERT INTO PROVIENE_DA VALUES('AA000033',188,'40KG');
INSERT INTO PROVIENE_DA VALUES('AA000034',188,'9KG');
INSERT INTO PROVIENE_DA VALUES('AA000035',188,'30KG');
INSERT INTO PROVIENE_DA VALUES('AA000036',188,'50KG');
INSERT INTO PROVIENE_DA VALUES('AA000037',222,'9KG');
INSERT INTO PROVIENE_DA VALUES('AA000038',222,'3KG');
INSERT INTO PROVIENE_DA VALUES('AA000039',222,'40KG');
INSERT INTO PROVIENE_DA VALUES('AA000040',222,'40KG');
INSERT INTO PROVIENE_DA VALUES('AA000041',222,'50KG');
INSERT INTO PROVIENE_DA VALUES('AA000042',222,'40KG');
INSERT INTO PROVIENE_DA VALUES('AA000043',222,'44KG');
INSERT INTO PROVIENE_DA VALUES('AA000044',222,'30KG');
INSERT INTO PROVIENE_DA VALUES('AA000045',222,'20KG');

INSERT INTO PROVIENE_DA VALUES ('AA000037',170,'50 KG');
INSERT INTO PROVIENE_DA VALUES ('AA000038',170,'10 KG');
INSERT INTO PROVIENE_DA VALUES ('AA000039',170,'100 KG');
INSERT INTO PROVIENE_DA VALUES ('AA000040',170,'100 KG');
INSERT INTO PROVIENE_DA VALUES ('AA000041',170,'15 KG');
INSERT INTO PROVIENE_DA VALUES ('AA000042',170,'40 KG');
INSERT INTO PROVIENE_DA VALUES ('AA000043',170,'25 KG');
INSERT INTO PROVIENE_DA VALUES ('AA000044',170,'10 KG');
INSERT INTO PROVIENE_DA VALUES ('AA000045',170,'10 KG');
INSERT INTO PROVIENE_DA VALUES ('AA000029',171,'20 KG');
INSERT INTO PROVIENE_DA VALUES ('AA000030',171,'20 KG');
INSERT INTO PROVIENE_DA VALUES ('AA000031',171,'20 KG');
INSERT INTO PROVIENE_DA VALUES ('AA000032',171,'20 KG');
INSERT INTO PROVIENE_DA VALUES ('AA000033',171,'20 KG');
INSERT INTO PROVIENE_DA VALUES ('AA000034',171,'35 KG');
INSERT INTO PROVIENE_DA VALUES ('AA000035',171,'50 KG');
INSERT INTO PROVIENE_DA VALUES ('AA000036',172,'50 KG');
INSERT INTO PROVIENE_DA VALUES ('AA000019',172,'10 KG');
INSERT INTO PROVIENE_DA VALUES ('AA000010',172,'30 KG');
INSERT INTO PROVIENE_DA VALUES ('AA000021',172,'20 KG');
INSERT INTO PROVIENE_DA VALUES ('AA000022',172,'20 KG');
INSERT INTO PROVIENE_DA VALUES ('AA000023',172,'20 KG');
INSERT INTO PROVIENE_DA VALUES ('AA000024',172,'20 KG');
INSERT INTO PROVIENE_DA VALUES ('AA000025',172,'20 KG');
INSERT INTO PROVIENE_DA VALUES ('AA000026',172,'20 KG');
INSERT INTO PROVIENE_DA VALUES ('AA000027',172,'20 KG');
INSERT INTO PROVIENE_DA VALUES ('AA000028',172,'20 KG');
INSERT INTO PROVIENE_DA VALUES ('AA000009',173,'25 KG');
INSERT INTO PROVIENE_DA VALUES ('AA000010',173,'50 KG');
INSERT INTO PROVIENE_DA VALUES ('AA000011',173,'10 KG');
INSERT INTO PROVIENE_DA VALUES ('AA000012',173,'50 KG');
INSERT INTO PROVIENE_DA VALUES ('AA000013',173,'20 KG');
INSERT INTO PROVIENE_DA VALUES ('AA000014',173,'100 LT');
INSERT INTO PROVIENE_DA VALUES ('AA000015',173,'100 LT');
INSERT INTO PROVIENE_DA VALUES ('AA000016',173,'40 LT');
INSERT INTO PROVIENE_DA VALUES ('AA000017',173,'30 KG');
INSERT INTO PROVIENE_DA VALUES ('AA000018',173,'20 KG');
INSERT INTO PROVIENE_DA VALUES ('AA000001',174,'20 KG');
INSERT INTO PROVIENE_DA VALUES ('AA000002',174,'30 KG');
INSERT INTO PROVIENE_DA VALUES ('AA000003',174,'50 PZ');
INSERT INTO PROVIENE_DA VALUES ('AA000004',174,'100 LT');
INSERT INTO PROVIENE_DA VALUES ('AA000005',174,' 20 PZ');
INSERT INTO PROVIENE_DA VALUES ('AA000006',174,'20 PZ');
INSERT INTO PROVIENE_DA VALUES ('AA000007',174,'20 KG');
INSERT INTO PROVIENE_DA VALUES ('AA000008',174,'50 LT');



INSERT INTO PROVIENE_DA VALUES ('AA000037',175,'50 KG');
INSERT INTO PROVIENE_DA VALUES ('AA000038',175,'10 KG');
INSERT INTO PROVIENE_DA VALUES ('AA000039',175,'100 KG');
INSERT INTO PROVIENE_DA VALUES ('AA000040',175,'100 KG');
INSERT INTO PROVIENE_DA VALUES ('AA000041',175,'15 KG');
INSERT INTO PROVIENE_DA VALUES ('AA000042',175,'40 KG');
INSERT INTO PROVIENE_DA VALUES ('AA000043',175,'25 KG');
INSERT INTO PROVIENE_DA VALUES ('AA000044',175,'10 KG');
INSERT INTO PROVIENE_DA VALUES ('AA000045',175,'10 KG');
INSERT INTO PROVIENE_DA VALUES ('AA000029',176,'20 KG');
INSERT INTO PROVIENE_DA VALUES ('AA000030',176,'20 KG');
INSERT INTO PROVIENE_DA VALUES ('AA000031',176,'20 KG');
INSERT INTO PROVIENE_DA VALUES ('AA000032',176,'20 KG');
INSERT INTO PROVIENE_DA VALUES ('AA000033',176,'20 KG');
INSERT INTO PROVIENE_DA VALUES ('AA000034',176,'35 KG');
INSERT INTO PROVIENE_DA VALUES ('AA000035',176,'50 KG');
INSERT INTO PROVIENE_DA VALUES ('AA000036',176,'50 KG');
INSERT INTO PROVIENE_DA VALUES ('AA000019',177,'10 KG');
INSERT INTO PROVIENE_DA VALUES ('AA000010',177,'30 KG');
INSERT INTO PROVIENE_DA VALUES ('AA000021',177,'20 KG');
INSERT INTO PROVIENE_DA VALUES ('AA000022',177,'20 KG');
INSERT INTO PROVIENE_DA VALUES ('AA000023',177,'20 KG');
INSERT INTO PROVIENE_DA VALUES ('AA000024',177,'20 KG');
INSERT INTO PROVIENE_DA VALUES ('AA000025',177,'20 KG');
INSERT INTO PROVIENE_DA VALUES ('AA000026',177,'20 KG');
INSERT INTO PROVIENE_DA VALUES ('AA000027',177,'20 KG');
INSERT INTO PROVIENE_DA VALUES ('AA000028',177,'20 KG');
INSERT INTO PROVIENE_DA VALUES ('AA000009',178,'25 KG');
INSERT INTO PROVIENE_DA VALUES ('AA000010',178,'50 KG');
INSERT INTO PROVIENE_DA VALUES ('AA000011',178,'10 KG');
INSERT INTO PROVIENE_DA VALUES ('AA000012',178,'50 KG');
INSERT INTO PROVIENE_DA VALUES ('AA000013',178,'20 KG');
INSERT INTO PROVIENE_DA VALUES ('AA000014',178,'100 LT');
INSERT INTO PROVIENE_DA VALUES ('AA000015',178,'100 LT');
INSERT INTO PROVIENE_DA VALUES ('AA000016',178,'40 LT');
INSERT INTO PROVIENE_DA VALUES ('AA000017',178,'30 KG');
INSERT INTO PROVIENE_DA VALUES ('AA000018',178,'20 KG');
INSERT INTO PROVIENE_DA VALUES ('AA000001',179,'20 KG');
INSERT INTO PROVIENE_DA VALUES ('AA000002',179,'30 KG');
INSERT INTO PROVIENE_DA VALUES ('AA000003',179,'50 PZ');
INSERT INTO PROVIENE_DA VALUES ('AA000004',179,'100 LT');
INSERT INTO PROVIENE_DA VALUES ('AA000005',179,' 20 PZ');
INSERT INTO PROVIENE_DA VALUES ('AA000006',179,'20 PZ');
INSERT INTO PROVIENE_DA VALUES ('AA000007',179,'20 KG');
INSERT INTO PROVIENE_DA VALUES ('AA000008',179,'50 LT');

commit;



